,Cluster Assignment,Sensor1,Sensor2
0,1.0,1.000000000000000000e+00,1.000000000000000000e+00
1,1.0,1.052335956242943737e+00,1.052335956242943737e+00
2,1.0,1.104528463267653526e+00,1.104528463267653526e+00
3,1.0,1.156434465040230952e+00,1.156434465040230952e+00
4,1.0,1.207911690817759398e+00,1.207911690817759398e+00
5,1.0,1.258819045102520739e+00,1.258819045102520739e+00
6,1.0,1.309016994374947451e+00,1.309016994374947451e+00
7,1.0,1.358367949545300268e+00,1.358367949545300268e+00
8,2.0,1.406736643075800153e+00,1.406736643075800153e+00
9,2.0,1.453990499739546749e+00,1.453990499739546749e+00
10,2.0,1.500000000000000000e+00,1.500000000000000000e+00
11,2.0,1.544639035015026973e+00,1.544639035015026973e+00
12,2.0,1.587785252292473137e+00,1.587785252292473137e+00
13,2.0,1.629320391049837280e+00,1.629320391049837280e+00
14,2.0,1.669130606358858238e+00,1.669130606358858238e+00
15,2.0,1.707106781186547462e+00,1.707106781186547462e+00
16,2.0,1.743144825477394244e+00,1.743144825477394244e+00
17,2.0,1.777145961456970902e+00,1.777145961456970902e+00
18,2.0,1.809016994374947451e+00,1.809016994374947451e+00
19,2.0,1.838670567945424050e+00,1.838670567945424050e+00
20,2.0,1.866025403784438597e+00,1.866025403784438597e+00
21,2.0,1.891006524188367788e+00,1.891006524188367788e+00
22,2.0,1.913545457642600756e+00,1.913545457642600756e+00
23,2.0,1.933580426497201632e+00,1.933580426497201632e+00
24,2.0,1.951056516295153642e+00,1.951056516295153642e+00
25,2.0,1.965925826289068201e+00,1.965925826289068201e+00
26,2.0,1.978147600733805689e+00,1.978147600733805689e+00
27,2.0,1.987688340595137770e+00,1.987688340595137770e+00
28,2.0,1.994521895368273290e+00,1.994521895368273290e+00
29,2.0,1.998629534754573722e+00,1.998629534754573722e+00
30,2.0,2.000000000000000000e+00,2.000000000000000000e+00
31,2.0,1.998629534754573722e+00,1.998629534754573722e+00
32,2.0,1.994521895368273290e+00,1.994521895368273290e+00
33,2.0,1.987688340595137770e+00,1.987688340595137770e+00
34,2.0,1.978147600733805689e+00,1.978147600733805689e+00
35,2.0,1.965925826289068201e+00,1.965925826289068201e+00
36,2.0,1.951056516295153642e+00,1.951056516295153642e+00
37,2.0,1.933580426497201632e+00,1.933580426497201632e+00
38,2.0,1.913545457642600756e+00,1.913545457642600756e+00
39,2.0,1.891006524188367788e+00,1.891006524188367788e+00
40,2.0,1.866025403784438819e+00,1.866025403784438819e+00
41,2.0,1.838670567945424050e+00,1.838670567945424050e+00
42,2.0,1.809016994374947451e+00,1.809016994374947451e+00
43,2.0,1.777145961456970902e+00,1.777145961456970902e+00
44,2.0,1.743144825477394244e+00,1.743144825477394244e+00
45,2.0,1.707106781186547462e+00,1.707106781186547462e+00
46,2.0,1.669130606358858460e+00,1.669130606358858460e+00
47,2.0,1.629320391049837280e+00,1.629320391049837280e+00
48,2.0,1.587785252292473359e+00,1.587785252292473359e+00
49,2.0,1.544639035015027417e+00,1.544639035015027417e+00
50,2.0,1.500000000000000000e+00,1.500000000000000000e+00
51,2.0,1.453990499739546749e+00,1.453990499739546749e+00
52,2.0,1.406736643075800375e+00,1.406736643075800375e+00
53,1.0,1.358367949545300268e+00,1.358367949545300268e+00
54,1.0,1.309016994374947451e+00,1.309016994374947451e+00
55,1.0,1.258819045102520962e+00,1.258819045102520962e+00
56,1.0,1.207911690817759398e+00,1.207911690817759398e+00
57,1.0,1.156434465040230952e+00,1.156434465040230952e+00
58,1.0,1.104528463267653748e+00,1.104528463267653748e+00
59,1.0,1.052335956242943737e+00,1.052335956242943737e+00
60,1.0,1.000000000000000222e+00,1.000000000000000222e+00
61,1.0,9.476640437570564846e-01,9.476640437570564846e-01
62,1.0,8.954715367323464736e-01,8.954715367323464736e-01
63,1.0,8.435655349597692698e-01,8.435655349597692698e-01
64,1.0,7.920883091822404909e-01,7.920883091822404909e-01
65,1.0,7.411809548974792605e-01,7.411809548974792605e-01
66,1.0,6.909830056250527708e-01,6.909830056250527708e-01
67,1.0,6.416320504546995096e-01,6.416320504546995096e-01
68,0.0,5.932633569241998472e-01,5.932633569241998472e-01
69,0.0,5.460095002604533621e-01,5.460095002604533621e-01
70,0.0,4.999999999999998890e-01,4.999999999999998890e-01
71,0.0,4.553609649849729157e-01,4.553609649849729157e-01
72,0.0,4.122147477075269739e-01,4.122147477075269739e-01
73,0.0,3.706796089501623870e-01,3.706796089501623870e-01
74,0.0,3.308693936411417624e-01,3.308693936411417624e-01
75,0.0,2.928932188134525383e-01,2.928932188134525383e-01
76,0.0,2.568551745226056449e-01,2.568551745226056449e-01
77,0.0,2.228540385430294313e-01,2.228540385430294313e-01
78,0.0,1.909830056250526598e-01,1.909830056250526598e-01
79,0.0,1.613294320545759497e-01,1.613294320545759497e-01
80,0.0,1.339745962155616255e-01,1.339745962155616255e-01
81,0.0,1.089934758116322122e-01,1.089934758116322122e-01
82,0.0,8.645454235739902238e-02,8.645454235739902238e-02
83,0.0,6.641957350279836803e-02,6.641957350279836803e-02
84,0.0,4.894348370484646882e-02,4.894348370484646882e-02
85,0.0,3.407417371093168779e-02,3.407417371093168779e-02
86,0.0,2.185239926619442219e-02,2.185239926619442219e-02
87,0.0,1.231165940486234067e-02,1.231165940486234067e-02
88,0.0,5.478104631726599116e-03,5.478104631726599116e-03
89,0.0,1.370465245426166767e-03,1.370465245426166767e-03
90,0.0,0.000000000000000000e+00,0.000000000000000000e+00
91,0.0,1.370465245426166767e-03,1.370465245426166767e-03
92,0.0,5.478104631726599116e-03,5.478104631726599116e-03
93,0.0,1.231165940486222965e-02,1.231165940486222965e-02
94,0.0,2.185239926619442219e-02,2.185239926619442219e-02
95,0.0,3.407417371093157676e-02,3.407417371093157676e-02
96,0.0,4.894348370484635780e-02,4.894348370484635780e-02
97,0.0,6.641957350279825700e-02,6.641957350279825700e-02
98,0.0,8.645454235739891136e-02,8.645454235739891136e-02
99,0.0,1.089934758116319902e-01,1.089934758116319902e-01
100,0.0,1.339745962155614034e-01,1.339745962155614034e-01
101,0.0,1.613294320545757277e-01,1.613294320545757277e-01
102,0.0,1.909830056250524377e-01,1.909830056250524377e-01
103,0.0,2.228540385430292092e-01,2.228540385430292092e-01
104,0.0,2.568551745226054228e-01,2.568551745226054228e-01
105,0.0,2.928932188134523162e-01,2.928932188134523162e-01
106,0.0,3.308693936411418735e-01,3.308693936411418735e-01
107,0.0,3.706796089501621649e-01,3.706796089501621649e-01
108,0.0,4.122147477075266409e-01,4.122147477075266409e-01
109,0.0,4.553609649849730268e-01,4.553609649849730268e-01
110,0.0,4.999999999999995559e-01,4.999999999999995559e-01
111,0.0,5.460095002604530290e-01,5.460095002604530290e-01
112,0.0,5.932633569241998472e-01,5.932633569241998472e-01
113,1.0,6.416320504546992876e-01,6.416320504546992876e-01
114,1.0,6.909830056250523267e-01,6.909830056250523267e-01
115,1.0,7.411809548974792605e-01,7.411809548974792605e-01
116,1.0,7.920883091822401578e-01,7.920883091822401578e-01
117,1.0,8.435655349597689368e-01,8.435655349597689368e-01
118,1.0,8.954715367323465847e-01,8.954715367323465847e-01
119,1.0,9.476640437570555964e-01,9.476640437570555964e-01
120,1.0,9.999999999999997780e-01,9.999999999999997780e-01
121,1.0,1.052335956242943960e+00,1.052335956242943960e+00
122,1.0,1.104528463267652860e+00,1.104528463267652860e+00
123,1.0,1.156434465040230730e+00,1.156434465040230730e+00
124,1.0,1.207911690817759398e+00,1.207911690817759398e+00
125,1.0,1.258819045102520295e+00,1.258819045102520295e+00
126,1.0,1.309016994374947229e+00,1.309016994374947229e+00
127,1.0,1.358367949545300268e+00,1.358367949545300268e+00
128,2.0,1.406736643075800597e+00,1.406736643075800597e+00
129,2.0,1.453990499739546527e+00,1.453990499739546527e+00
130,2.0,1.500000000000000000e+00,1.500000000000000000e+00
131,2.0,1.544639035015027417e+00,1.544639035015027417e+00
132,2.0,1.587785252292472915e+00,1.587785252292472915e+00
133,2.0,1.629320391049837502e+00,1.629320391049837502e+00
134,2.0,1.669130606358858460e+00,1.669130606358858460e+00
135,2.0,1.707106781186547462e+00,1.707106781186547462e+00
136,2.0,1.743144825477394244e+00,1.743144825477394244e+00
137,2.0,1.777145961456971124e+00,1.777145961456971124e+00
138,2.0,1.809016994374947229e+00,1.809016994374947229e+00
139,2.0,1.838670567945424050e+00,1.838670567945424050e+00
140,2.0,1.866025403784438819e+00,1.866025403784438819e+00
141,2.0,1.891006524188367788e+00,1.891006524188367788e+00
142,2.0,1.913545457642600756e+00,1.913545457642600756e+00
143,2.0,1.933580426497201854e+00,1.933580426497201854e+00
144,2.0,1.951056516295153642e+00,1.951056516295153642e+00
145,2.0,1.965925826289068201e+00,1.965925826289068201e+00
146,2.0,1.978147600733805689e+00,1.978147600733805689e+00
147,2.0,1.987688340595137770e+00,1.987688340595137770e+00
148,2.0,1.994521895368273290e+00,1.994521895368273290e+00
149,2.0,1.998629534754573944e+00,1.998629534754573944e+00
150,2.0,2.000000000000000000e+00,2.000000000000000000e+00
151,2.0,1.998629534754573722e+00,1.998629534754573722e+00
152,2.0,1.994521895368273290e+00,1.994521895368273290e+00
153,2.0,1.987688340595137770e+00,1.987688340595137770e+00
154,2.0,1.978147600733805689e+00,1.978147600733805689e+00
155,2.0,1.965925826289068423e+00,1.965925826289068423e+00
156,2.0,1.951056516295153642e+00,1.951056516295153642e+00
157,2.0,1.933580426497201632e+00,1.933580426497201632e+00
158,2.0,1.913545457642600756e+00,1.913545457642600756e+00
159,2.0,1.891006524188367566e+00,1.891006524188367566e+00
160,2.0,1.866025403784439263e+00,1.866025403784439263e+00
161,2.0,1.838670567945424494e+00,1.838670567945424494e+00
162,2.0,1.809016994374947451e+00,1.809016994374947451e+00
163,2.0,1.777145961456970902e+00,1.777145961456970902e+00
164,2.0,1.743144825477394022e+00,1.743144825477394022e+00
165,2.0,1.707106781186547018e+00,1.707106781186547018e+00
166,2.0,1.669130606358858904e+00,1.669130606358858904e+00
167,2.0,1.629320391049837946e+00,1.629320391049837946e+00
168,2.0,1.587785252292473359e+00,1.587785252292473359e+00
169,2.0,1.544639035015026973e+00,1.544639035015026973e+00
170,2.0,1.499999999999999778e+00,1.499999999999999778e+00
171,2.0,1.453990499739546305e+00,1.453990499739546305e+00
172,2.0,1.406736643075801041e+00,1.406736643075801041e+00
173,1.0,1.358367949545300934e+00,1.358367949545300934e+00
174,1.0,1.309016994374947895e+00,1.309016994374947895e+00
175,1.0,1.258819045102520739e+00,1.258819045102520739e+00
176,1.0,1.207911690817759176e+00,1.207911690817759176e+00
177,1.0,1.156434465040230286e+00,1.156434465040230286e+00
178,1.0,1.104528463267654415e+00,1.104528463267654415e+00
179,1.0,1.052335956242944404e+00,1.052335956242944404e+00
180,1.0,1.000000000000000444e+00,1.000000000000000444e+00
181,1.0,9.476640437570562625e-01,9.476640437570562625e-01
182,1.0,8.954715367323462516e-01,8.954715367323462516e-01
183,1.0,8.435655349597686037e-01,8.435655349597686037e-01
184,1.0,7.920883091822416011e-01,7.920883091822416011e-01
185,1.0,7.411809548974799267e-01,7.411809548974799267e-01
186,1.0,6.909830056250529928e-01,6.909830056250529928e-01
187,1.0,6.416320504546997316e-01,6.416320504546997316e-01
188,0.0,5.932633569241996252e-01,5.932633569241996252e-01
189,0.0,5.460095002604528069e-01,5.460095002604528069e-01
190,0.0,5.000000000000008882e-01,5.000000000000008882e-01
191,0.0,4.553609649849734708e-01,4.553609649849734708e-01
192,0.0,4.122147477075271960e-01,4.122147477075271960e-01
193,0.0,3.706796089501626090e-01,3.706796089501626090e-01
194,0.0,3.308693936411416514e-01,3.308693936411416514e-01
195,0.0,2.928932188134520942e-01,2.928932188134520942e-01
196,0.0,2.568551745226064220e-01,2.568551745226064220e-01
197,0.0,2.228540385430295423e-01,2.228540385430295423e-01
198,0.0,1.909830056250527708e-01,1.909830056250527708e-01
199,0.0,1.613294320545760607e-01,1.613294320545760607e-01
200,0.0,1.339745962155612924e-01,1.339745962155612924e-01
201,0.0,1.089934758116318791e-01,1.089934758116318791e-01
202,0.0,8.645454235739946647e-02,8.645454235739946647e-02
203,0.0,6.641957350279847905e-02,6.641957350279847905e-02
204,0.0,4.894348370484657984e-02,4.894348370484657984e-02
205,0.0,3.407417371093168779e-02,3.407417371093168779e-02
206,0.0,2.185239926619431117e-02,2.185239926619431117e-02
207,0.0,1.231165940486222965e-02,1.231165940486222965e-02
208,0.0,5.478104631726821161e-03,5.478104631726821161e-03
209,0.0,1.370465245426166767e-03,1.370465245426166767e-03
210,0.0,0.000000000000000000e+00,0.000000000000000000e+00
211,0.0,1.370465245426166767e-03,1.370465245426166767e-03
212,0.0,5.478104631726710139e-03,5.478104631726710139e-03
213,0.0,1.231165940486234067e-02,1.231165940486234067e-02
214,0.0,2.185239926619420014e-02,2.185239926619420014e-02
215,0.0,3.407417371093157676e-02,3.407417371093157676e-02
216,0.0,4.894348370484624677e-02,4.894348370484624677e-02
217,0.0,6.641957350279814598e-02,6.641957350279814598e-02
218,0.0,8.645454235739913340e-02,8.645454235739913340e-02
219,0.0,1.089934758116323232e-01,1.089934758116323232e-01
220,0.0,1.339745962155608483e-01,1.339745962155608483e-01
221,0.0,1.613294320545755056e-01,1.613294320545755056e-01
222,0.0,1.909830056250523267e-01,1.909830056250523267e-01
223,0.0,2.228540385430289872e-01,2.228540385430289872e-01
224,0.0,2.568551745226058669e-01,2.568551745226058669e-01
225,0.0,2.928932188134527603e-01,2.928932188134527603e-01
226,0.0,3.308693936411409853e-01,3.308693936411409853e-01
227,0.0,3.706796089501619429e-01,3.706796089501619429e-01
228,0.0,4.122147477075265298e-01,4.122147477075265298e-01
229,0.0,4.553609649849728047e-01,4.553609649849728047e-01
230,0.0,5.000000000000001110e-01,5.000000000000001110e-01
231,0.0,5.460095002604535841e-01,5.460095002604535841e-01
232,0.0,5.932633569241988480e-01,5.932633569241988480e-01
233,1.0,6.416320504546990655e-01,6.416320504546990655e-01
234,1.0,6.909830056250521046e-01,6.909830056250521046e-01
235,1.0,7.411809548974790385e-01,7.411809548974790385e-01
236,1.0,7.920883091822408240e-01,7.920883091822408240e-01
237,1.0,8.435655349597694919e-01,8.435655349597694919e-01
238,1.0,8.954715367323454744e-01,8.954715367323454744e-01
239,1.0,9.476640437570553743e-01,9.476640437570553743e-01
240,1.0,9.999999999999995559e-01,9.999999999999995559e-01
241,1.0,1.052335956242943737e+00,1.052335956242943737e+00
242,1.0,1.104528463267653526e+00,1.104528463267653526e+00
243,1.0,1.156434465040231174e+00,1.156434465040231174e+00
244,1.0,1.207911690817758288e+00,1.207911690817758288e+00
245,1.0,1.258819045102520073e+00,1.258819045102520073e+00
246,1.0,1.309016994374947007e+00,1.309016994374947007e+00
247,1.0,1.358367949545300046e+00,1.358367949545300046e+00
248,2.0,1.406736643075800153e+00,1.406736643075800153e+00
249,2.0,1.453990499739547193e+00,1.453990499739547193e+00
250,2.0,1.499999999999999112e+00,1.499999999999999112e+00
251,2.0,1.544639035015026529e+00,1.544639035015026529e+00
252,2.0,1.587785252292472693e+00,1.587785252292472693e+00
253,2.0,1.629320391049837280e+00,1.629320391049837280e+00
254,2.0,1.669130606358858238e+00,1.669130606358858238e+00
255,2.0,1.707106781186547906e+00,1.707106781186547906e+00
256,2.0,1.743144825477394688e+00,1.743144825477394688e+00
257,2.0,1.777145961456970458e+00,1.777145961456970458e+00
258,2.0,1.809016994374947007e+00,1.809016994374947007e+00
259,2.0,1.838670567945424050e+00,1.838670567945424050e+00
260,2.0,1.866025403784438819e+00,1.866025403784438819e+00
261,2.0,1.891006524188368010e+00,1.891006524188368010e+00
262,2.0,1.913545457642601200e+00,1.913545457642601200e+00
263,2.0,1.933580426497201410e+00,1.933580426497201410e+00
264,2.0,1.951056516295153420e+00,1.951056516295153420e+00
265,2.0,1.965925826289068201e+00,1.965925826289068201e+00
266,2.0,1.978147600733805689e+00,1.978147600733805689e+00
267,2.0,1.987688340595137770e+00,1.987688340595137770e+00
268,2.0,1.994521895368273512e+00,1.994521895368273512e+00
269,2.0,1.998629534754573722e+00,1.998629534754573722e+00
270,2.0,2.000000000000000000e+00,2.000000000000000000e+00
271,2.0,1.998629534754573722e+00,1.998629534754573722e+00
272,2.0,1.994521895368273290e+00,1.994521895368273290e+00
273,2.0,1.987688340595137770e+00,1.987688340595137770e+00
274,2.0,1.978147600733805467e+00,1.978147600733805467e+00
275,2.0,1.965925826289068645e+00,1.965925826289068645e+00
276,2.0,1.951056516295153642e+00,1.951056516295153642e+00
277,2.0,1.933580426497201854e+00,1.933580426497201854e+00
278,2.0,1.913545457642600756e+00,1.913545457642600756e+00
279,2.0,1.891006524188367788e+00,1.891006524188367788e+00
280,2.0,1.866025403784438375e+00,1.866025403784438375e+00
281,2.0,1.838670567945424494e+00,1.838670567945424494e+00
282,2.0,1.809016994374947895e+00,1.809016994374947895e+00
283,2.0,1.777145961456970902e+00,1.777145961456970902e+00
284,2.0,1.743144825477394244e+00,1.743144825477394244e+00
285,2.0,1.707106781186547462e+00,1.707106781186547462e+00
286,2.0,1.669130606358857793e+00,1.669130606358857793e+00
287,2.0,1.629320391049838168e+00,1.629320391049838168e+00
288,2.0,1.587785252292473581e+00,1.587785252292473581e+00
289,2.0,1.544639035015027417e+00,1.544639035015027417e+00
290,2.0,1.500000000000000000e+00,1.500000000000000000e+00
291,2.0,1.453990499739546527e+00,1.453990499739546527e+00
292,2.0,1.406736643075799709e+00,1.406736643075799709e+00
293,1.0,1.358367949545301157e+00,1.358367949545301157e+00
294,1.0,1.309016994374947895e+00,1.309016994374947895e+00
295,1.0,1.258819045102521184e+00,1.258819045102521184e+00
296,1.0,1.207911690817759398e+00,1.207911690817759398e+00
297,1.0,1.156434465040230508e+00,1.156434465040230508e+00
298,1.0,1.104528463267652860e+00,1.104528463267652860e+00
299,1.0,1.052335956242944626e+00,1.052335956242944626e+00
300,1.0,1.000000000000000666e+00,1.000000000000000666e+00
301,1.0,9.476640437570564846e-01,9.476640437570564846e-01
302,1.0,8.954715367323465847e-01,8.954715367323465847e-01
303,1.0,8.435655349597688257e-01,8.435655349597688257e-01
304,1.0,7.920883091822401578e-01,7.920883091822401578e-01
305,1.0,7.411809548974801487e-01,7.411809548974801487e-01
306,1.0,6.909830056250514385e-01,6.909830056250514385e-01
307,1.0,6.416320504546983994e-01,6.416320504546983994e-01
308,0.0,5.932633569242014016e-01,5.932633569242014016e-01
309,0.0,5.460095002604545833e-01,5.460095002604545833e-01
310,0.0,5.000000000000011102e-01,5.000000000000011102e-01
311,0.0,4.553609649849736929e-01,4.553609649849736929e-01
312,0.0,4.122147477075274180e-01,4.122147477075274180e-01
313,0.0,3.706796089501628311e-01,3.706796089501628311e-01
314,0.0,3.308693936411418735e-01,3.308693936411418735e-01
315,0.0,2.928932188134523162e-01,2.928932188134523162e-01
316,0.0,2.568551745226054228e-01,2.568551745226054228e-01
317,0.0,2.228540385430286541e-01,2.228540385430286541e-01
318,0.0,1.909830056250518826e-01,1.909830056250518826e-01
319,0.0,1.613294320545751726e-01,1.613294320545751726e-01
320,0.0,1.339745962155622916e-01,1.339745962155622916e-01
321,0.0,1.089934758116328783e-01,1.089934758116328783e-01
322,0.0,8.645454235739957749e-02,8.645454235739957749e-02
323,0.0,6.641957350279859007e-02,6.641957350279859007e-02
324,0.0,4.894348370484657984e-02,4.894348370484657984e-02
325,0.0,3.407417371093179881e-02,3.407417371093179881e-02
326,0.0,2.185239926619442219e-02,2.185239926619442219e-02
327,0.0,1.231165940486222965e-02,1.231165940486222965e-02
328,0.0,5.478104631726599116e-03,5.478104631726599116e-03
329,0.0,1.370465245426055745e-03,1.370465245426055745e-03
330,0.0,0.000000000000000000e+00,0.000000000000000000e+00
331,0.0,1.370465245426166767e-03,1.370465245426166767e-03
332,0.0,5.478104631726488094e-03,5.478104631726488094e-03
333,0.0,1.231165940486200761e-02,1.231165940486200761e-02
334,0.0,2.185239926619408912e-02,2.185239926619408912e-02
335,0.0,3.407417371093146574e-02,3.407417371093146574e-02
336,0.0,4.894348370484624677e-02,4.894348370484624677e-02
337,0.0,6.641957350279814598e-02,6.641957350279814598e-02
338,0.0,8.645454235739902238e-02,8.645454235739902238e-02
339,0.0,1.089934758116322122e-01,1.089934758116322122e-01
340,0.0,1.339745962155616255e-01,1.339745962155616255e-01
341,0.0,1.613294320545763938e-01,1.613294320545763938e-01
342,0.0,1.909830056250532149e-01,1.909830056250532149e-01
343,0.0,2.228540385430299864e-01,2.228540385430299864e-01
344,0.0,2.568551745226045346e-01,2.568551745226045346e-01
345,0.0,2.928932188134513170e-01,2.928932188134513170e-01
346,0.0,3.308693936411408743e-01,3.308693936411408743e-01
347,0.0,3.706796089501617208e-01,3.706796089501617208e-01
348,0.0,4.122147477075263078e-01,4.122147477075263078e-01
349,0.0,4.553609649849725827e-01,4.553609649849725827e-01
350,0.0,4.999999999999998890e-01,4.999999999999998890e-01
351,0.0,5.460095002604533621e-01,5.460095002604533621e-01
352,0.0,5.932633569242002913e-01,5.932633569242002913e-01
353,1.0,6.416320504547003978e-01,6.416320504547003978e-01
354,1.0,6.909830056250536590e-01,6.909830056250536590e-01
355,1.0,7.411809548974805928e-01,7.411809548974805928e-01
356,1.0,7.920883091822388256e-01,7.920883091822388256e-01
357,1.0,8.435655349597674935e-01,8.435655349597674935e-01
358,1.0,8.954715367323452524e-01,8.954715367323452524e-01
359,1.0,9.476640437570551523e-01,9.476640437570551523e-01
360,1.0,9.999999999999987788e-01,9.999999999999987788e-01
361,1.0,1.139173100960061857e+00,1.139173100960061857e+00
362,1.0,1.275637355817001106e+00,1.275637355817001106e+00
363,2.0,1.406736643075800597e+00,1.406736643075800597e+00
364,2.0,1.529919264233203791e+00,1.529919264233203791e+00
365,2.0,1.642787609686537253e+00,1.642787609686537253e+00
366,2.0,1.743144825477391358e+00,1.743144825477391358e+00
367,2.0,1.829037572555042290e+00,1.829037572555042290e+00
368,2.0,1.898794046299166816e+00,1.898794046299166816e+00
369,2.0,1.951056516295152976e+00,1.951056516295152976e+00
370,2.0,1.984807753012207465e+00,1.984807753012207465e+00
371,2.0,1.999390827019095873e+00,1.999390827019095873e+00
372,2.0,1.994521895368273290e+00,1.994521895368273290e+00
373,2.0,1.970295726275996806e+00,1.970295726275996806e+00
374,2.0,1.927183854566788312e+00,1.927183854566788312e+00
375,2.0,1.866025403784440817e+00,1.866025403784440817e+00
376,2.0,1.788010753606721348e+00,1.788010753606721348e+00
377,2.0,1.694658370458997698e+00,1.694658370458997698e+00
378,2.0,1.587785252292474691e+00,1.587785252292474691e+00
379,2.0,1.469471562785893859e+00,1.469471562785893859e+00
380,1.0,1.342020143325667103e+00,1.342020143325667103e+00
381,1.0,1.207911690817758954e+00,1.207911690817758954e+00
382,1.0,1.069756473744126524e+00,1.069756473744126524e+00
383,1.0,9.302435262558775841e-01,9.302435262558775841e-01
384,1.0,7.920883091822380484e-01,7.920883091822380484e-01
385,1.0,6.579798566743302324e-01,6.579798566743302324e-01
386,0.0,5.305284372141096938e-01,5.305284372141096938e-01
387,0.0,4.122147477075286393e-01,4.122147477075286393e-01
388,0.0,3.053416295410054104e-01,3.053416295410054104e-01
389,0.0,2.119892463932768756e-01,2.119892463932768756e-01
390,0.0,1.339745962155611814e-01,1.339745962155611814e-01
391,0.0,7.281614543321313082e-02,7.281614543321313082e-02
392,0.0,2.970427372400419319e-02,2.970427372400419319e-02
393,0.0,5.478104631726377072e-03,5.478104631726377072e-03
394,0.0,6.091729809043489041e-04,6.091729809043489041e-04
395,0.0,1.519224698779186866e-02,1.519224698779186866e-02
396,0.0,4.894348370484580268e-02,4.894348370484580268e-02
397,0.0,1.012059537008314081e-01,1.012059537008314081e-01
398,0.0,1.709624274449592640e-01,1.709624274449592640e-01
399,0.0,2.568551745226058669e-01,2.568551745226058669e-01
400,0.0,3.572123903134596379e-01,3.572123903134596379e-01
401,0.0,4.700807357667925457e-01,4.700807357667925457e-01
402,0.0,5.932633569242020677e-01,5.932633569242020677e-01
403,1.0,7.243626441830017804e-01,7.243626441830017804e-01
404,1.0,8.608268990399339238e-01,8.608268990399339238e-01
405,1.0,9.999999999999977796e-01,9.999999999999977796e-01
406,1.0,1.139173100960061635e+00,1.139173100960061635e+00
407,1.0,1.275637355817000884e+00,1.275637355817000884e+00
408,2.0,1.406736643075800375e+00,1.406736643075800375e+00
409,2.0,1.529919264233203791e+00,1.529919264233203791e+00
410,2.0,1.642787609686537031e+00,1.642787609686537031e+00
411,2.0,1.743144825477395798e+00,1.743144825477395798e+00
412,2.0,1.829037572555042068e+00,1.829037572555042068e+00
413,2.0,1.898794046299166816e+00,1.898794046299166816e+00
414,2.0,1.951056516295152754e+00,1.951056516295152754e+00
415,2.0,1.984807753012207243e+00,1.984807753012207243e+00
416,2.0,1.999390827019095873e+00,1.999390827019095873e+00
417,2.0,1.994521895368273290e+00,1.994521895368273290e+00
418,2.0,1.970295726275996806e+00,1.970295726275996806e+00
419,2.0,1.927183854566788535e+00,1.927183854566788535e+00
420,2.0,1.866025403784437486e+00,1.866025403784437486e+00
421,2.0,1.788010753606721348e+00,1.788010753606721348e+00
422,2.0,1.694658370458997698e+00,1.694658370458997698e+00
423,2.0,1.587785252292475136e+00,1.587785252292475136e+00
424,2.0,1.469471562785894303e+00,1.469471562785894303e+00
425,1.0,1.342020143325667103e+00,1.342020143325667103e+00
426,1.0,1.207911690817759176e+00,1.207911690817759176e+00
427,1.0,1.069756473744126746e+00,1.069756473744126746e+00
428,1.0,9.302435262558778062e-01,9.302435262558778062e-01
429,1.0,7.920883091822383815e-01,7.920883091822383815e-01
430,1.0,6.579798566743304544e-01,6.579798566743304544e-01
431,0.0,5.305284372141099158e-01,5.305284372141099158e-01
432,0.0,4.122147477075287503e-01,4.122147477075287503e-01
433,0.0,3.053416295410055215e-01,3.053416295410055215e-01
434,0.0,2.119892463932770976e-01,2.119892463932770976e-01
435,0.0,1.339745962155614034e-01,1.339745962155614034e-01
436,0.0,7.281614543321324184e-02,7.281614543321324184e-02
437,0.0,2.970427372400430421e-02,2.970427372400430421e-02
438,0.0,5.478104631726377072e-03,5.478104631726377072e-03
439,0.0,6.091729809043489041e-04,6.091729809043489041e-04
440,0.0,1.519224698779175764e-02,1.519224698779175764e-02
441,0.0,4.894348370484569166e-02,4.894348370484569166e-02
442,0.0,1.012059537008312970e-01,1.012059537008312970e-01
443,0.0,1.709624274449591530e-01,1.709624274449591530e-01
444,0.0,2.568551745226057559e-01,2.568551745226057559e-01
445,0.0,3.572123903134594158e-01,3.572123903134594158e-01
446,0.0,4.700807357667923236e-01,4.700807357667923236e-01
447,0.0,5.932633569242018456e-01,5.932633569242018456e-01
448,1.0,7.243626441830015583e-01,7.243626441830015583e-01
449,1.0,8.608268990399337017e-01,8.608268990399337017e-01
450,1.0,9.999999999999975575e-01,9.999999999999975575e-01
451,1.0,1.139173100960061413e+00,1.139173100960061413e+00
452,1.0,1.275637355817000662e+00,1.275637355817000662e+00
453,2.0,1.406736643075800153e+00,1.406736643075800153e+00
454,2.0,1.529919264233203569e+00,1.529919264233203569e+00
455,2.0,1.642787609686536809e+00,1.642787609686536809e+00
456,2.0,1.743144825477395798e+00,1.743144825477395798e+00
457,2.0,1.829037572555042068e+00,1.829037572555042068e+00
458,2.0,1.898794046299166594e+00,1.898794046299166594e+00
459,2.0,1.951056516295154974e+00,1.951056516295154974e+00
460,2.0,1.984807753012207243e+00,1.984807753012207243e+00
461,2.0,1.999390827019095873e+00,1.999390827019095873e+00
462,2.0,1.994521895368273956e+00,1.994521895368273956e+00
463,2.0,1.970295726275996806e+00,1.970295726275996806e+00
464,2.0,1.927183854566786092e+00,1.927183854566786092e+00
465,2.0,1.866025403784441039e+00,1.866025403784441039e+00
466,2.0,1.788010753606721570e+00,1.788010753606721570e+00
467,2.0,1.694658370459003027e+00,1.694658370459003027e+00
468,2.0,1.587785252292475136e+00,1.587785252292475136e+00
469,2.0,1.469471562785888086e+00,1.469471562785888086e+00
470,1.0,1.342020143325674209e+00,1.342020143325674209e+00
471,1.0,1.207911690817759620e+00,1.207911690817759620e+00
472,1.0,1.069756473744120084e+00,1.069756473744120084e+00
473,1.0,9.302435262558780282e-01,9.302435262558780282e-01
474,1.0,7.920883091822386035e-01,7.920883091822386035e-01
475,1.0,6.579798566743373378e-01,6.579798566743373378e-01
476,0.0,5.305284372141101379e-01,5.305284372141101379e-01
477,0.0,4.122147477075231992e-01,4.122147477075231992e-01
478,0.0,3.053416295410057435e-01,3.053416295410057435e-01
479,0.0,2.119892463932772086e-01,2.119892463932772086e-01
480,0.0,1.339745962155650671e-01,1.339745962155650671e-01
481,0.0,7.281614543321324184e-02,7.281614543321324184e-02
482,0.0,2.970427372400263888e-02,2.970427372400263888e-02
483,0.0,5.478104631727154228e-03,5.478104631727154228e-03
484,0.0,6.091729809042378818e-04,6.091729809042378818e-04
485,0.0,1.519224698779053639e-02,1.519224698779053639e-02
486,0.0,4.894348370484558064e-02,4.894348370484558064e-02
487,0.0,1.012059537008342947e-01,1.012059537008342947e-01
488,0.0,1.709624274449550452e-01,1.709624274449550452e-01
489,0.0,2.568551745226055338e-01,2.568551745226055338e-01
490,0.0,3.572123903134646339e-01,3.572123903134646339e-01
491,0.0,4.700807357667921016e-01,4.700807357667921016e-01
492,0.0,5.932633569242016236e-01,5.932633569242016236e-01
493,1.0,7.243626441829944529e-01,7.243626441829944529e-01
494,1.0,8.608268990399334797e-01,8.608268990399334797e-01
495,1.0,1.000000000000004441e+00,1.000000000000004441e+00
496,1.0,1.139173100960061191e+00,1.139173100960061191e+00
497,1.0,1.275637355817000440e+00,1.275637355817000440e+00
498,2.0,1.406736643075793491e+00,1.406736643075793491e+00
499,2.0,1.529919264233203346e+00,1.529919264233203346e+00
500,2.0,1.642787609686542138e+00,1.642787609686542138e+00
501,2.0,1.743144825477390913e+00,1.743144825477390913e+00
502,2.0,1.829037572555042068e+00,1.829037572555042068e+00
503,2.0,1.898794046299163263e+00,1.898794046299163263e+00
504,2.0,1.951056516295152754e+00,1.951056516295152754e+00
505,2.0,1.984807753012208575e+00,1.984807753012208575e+00
506,2.0,1.999390827019095429e+00,1.999390827019095429e+00
507,2.0,1.994521895368273512e+00,1.994521895368273512e+00
508,2.0,1.970295726275995252e+00,1.970295726275995252e+00
509,2.0,1.927183854566788757e+00,1.927183854566788757e+00
510,2.0,1.866025403784437708e+00,1.866025403784437708e+00
511,2.0,1.788010753606726233e+00,1.788010753606726233e+00
512,2.0,1.694658370458998142e+00,1.694658370458998142e+00
513,2.0,1.587785252292469584e+00,1.587785252292469584e+00
514,2.0,1.469471562785894747e+00,1.469471562785894747e+00
515,1.0,1.342020143325667547e+00,1.342020143325667547e+00
516,1.0,1.207911690817766726e+00,1.207911690817766726e+00
517,1.0,1.069756473744127412e+00,1.069756473744127412e+00
518,1.0,9.302435262558712559e-01,9.302435262558712559e-01
519,1.0,7.920883091822457089e-01,7.920883091822457089e-01
520,1.0,6.579798566743308985e-01,6.579798566743308985e-01
521,0.0,5.305284372141040317e-01,5.305284372141040317e-01
522,0.0,4.122147477075291944e-01,4.122147477075291944e-01
523,0.0,3.053416295410007475e-01,3.053416295410007475e-01
524,0.0,2.119892463932817606e-01,2.119892463932817606e-01
525,0.0,1.339745962155616255e-01,1.339745962155616255e-01
526,0.0,7.281614543321068833e-02,7.281614543321068833e-02
527,0.0,2.970427372400441524e-02,2.970427372400441524e-02
528,0.0,5.478104631726488094e-03,5.478104631726488094e-03
529,0.0,6.091729809040158372e-04,6.091729809040158372e-04
530,0.0,1.519224698779175764e-02,1.519224698779175764e-02
531,0.0,4.894348370484769006e-02,4.894348370484769006e-02
532,0.0,1.012059537008310750e-01,1.012059537008310750e-01
533,0.0,1.709624274449589310e-01,1.709624274449589310e-01
534,0.0,2.568551745226006489e-01,2.568551745226006489e-01
535,0.0,3.572123903134590828e-01,3.572123903134590828e-01
536,0.0,4.700807357667979858e-01,4.700807357667979858e-01
537,0.0,5.932633569241949623e-01,5.932633569241949623e-01
538,1.0,7.243626441830011142e-01,7.243626441830011142e-01
539,1.0,8.608268990399402520e-01,8.608268990399402520e-01
540,1.0,9.999999999999971134e-01,9.999999999999971134e-01
541,1.0,1.139173100960068075e+00,1.139173100960068075e+00
542,1.0,1.275637355816993335e+00,1.275637355816993335e+00
543,2.0,1.406736643075799709e+00,1.406736643075799709e+00
544,2.0,1.529919264233209120e+00,1.529919264233209120e+00
545,2.0,1.642787609686536587e+00,1.642787609686536587e+00
546,2.0,1.743144825477395354e+00,1.743144825477395354e+00
547,2.0,1.829037572555037849e+00,1.829037572555037849e+00
548,2.0,1.898794046299166371e+00,1.898794046299166371e+00
549,2.0,1.951056516295154974e+00,1.951056516295154974e+00
550,2.0,1.984807753012207243e+00,1.984807753012207243e+00
551,2.0,1.999390827019095873e+00,1.999390827019095873e+00
552,2.0,1.994521895368274178e+00,1.994521895368274178e+00
553,2.0,1.970295726275997028e+00,1.970295726275997028e+00
554,2.0,1.927183854566786092e+00,1.927183854566786092e+00
555,2.0,1.866025403784441483e+00,1.866025403784441483e+00
556,2.0,1.788010753606721792e+00,1.788010753606721792e+00
557,2.0,1.694658370458993257e+00,1.694658370458993257e+00
558,2.0,1.587785252292475580e+00,1.587785252292475580e+00
559,2.0,1.469471562785888530e+00,1.469471562785888530e+00
560,1.0,1.342020143325674653e+00,1.342020143325674653e+00
561,1.0,1.207911690817760064e+00,1.207911690817760064e+00
562,1.0,1.069756473744120528e+00,1.069756473744120528e+00
563,1.0,9.302435262558785833e-01,9.302435262558785833e-01
564,1.0,7.920883091822390476e-01,7.920883091822390476e-01
565,1.0,6.579798566743378929e-01,6.579798566743378929e-01
566,0.0,5.305284372141105820e-01,5.305284372141105820e-01
567,0.0,4.122147477075236432e-01,4.122147477075236432e-01
568,0.0,3.053416295410060766e-01,3.053416295410060766e-01
569,0.0,2.119892463932775417e-01,2.119892463932775417e-01
570,0.0,1.339745962155652892e-01,1.339745962155652892e-01
571,0.0,7.281614543321346389e-02,7.281614543321346389e-02
572,0.0,2.970427372400274990e-02,2.970427372400274990e-02
573,0.0,5.478104631727265250e-03,5.478104631727265250e-03
574,0.0,6.091729809042378818e-04,6.091729809042378818e-04
575,0.0,1.519224698779286786e-02,1.519224698779286786e-02
576,0.0,4.894348370484546962e-02,4.894348370484546962e-02
577,0.0,1.012059537008340726e-01,1.012059537008340726e-01
578,0.0,1.709624274449548231e-01,1.709624274449548231e-01
579,0.0,2.568551745226052008e-01,2.568551745226052008e-01
580,0.0,3.572123903134643008e-01,3.572123903134643008e-01
581,0.0,4.700807357667916575e-01,4.700807357667916575e-01
582,0.0,5.932633569242011795e-01,5.932633569242011795e-01
583,1.0,7.243626441829940088e-01,7.243626441829940088e-01
584,1.0,8.608268990399330356e-01,8.608268990399330356e-01
585,1.0,1.000000000000003997e+00,1.000000000000003997e+00
586,1.0,1.139173100960060747e+00,1.139173100960060747e+00
587,1.0,1.275637355816999996e+00,1.275637355816999996e+00
588,2.0,1.406736643075793047e+00,1.406736643075793047e+00
589,2.0,1.529919264233202902e+00,1.529919264233202902e+00
590,2.0,1.642787609686541694e+00,1.642787609686541694e+00
591,2.0,1.743144825477390469e+00,1.743144825477390469e+00
592,2.0,1.829037572555041624e+00,1.829037572555041624e+00
593,2.0,1.898794046299169480e+00,1.898794046299169480e+00
594,2.0,1.951056516295152532e+00,1.951056516295152532e+00
595,2.0,1.984807753012208575e+00,1.984807753012208575e+00
596,2.0,1.999390827019095429e+00,1.999390827019095429e+00
597,2.0,1.994521895368273512e+00,1.994521895368273512e+00
598,2.0,1.970295726275995474e+00,1.970295726275995474e+00
599,2.0,1.927183854566788757e+00,1.927183854566788757e+00
600,2.0,1.866025403784437930e+00,1.866025403784437930e+00
601,2.0,1.788010753606726233e+00,1.788010753606726233e+00
602,2.0,1.694658370458998586e+00,1.694658370458998586e+00
603,2.0,1.587785252292470028e+00,1.587785252292470028e+00
604,2.0,1.469471562785895191e+00,1.469471562785895191e+00
605,1.0,1.342020143325667991e+00,1.342020143325667991e+00
606,1.0,1.207911690817767170e+00,1.207911690817767170e+00
607,1.0,1.069756473744127856e+00,1.069756473744127856e+00
608,1.0,9.302435262558717000e-01,9.302435262558717000e-01
609,1.0,7.920883091822461530e-01,7.920883091822461530e-01
610,1.0,6.579798566743313426e-01,6.579798566743313426e-01
611,0.0,5.305284372141044757e-01,5.305284372141044757e-01
612,0.0,4.122147477075295274e-01,4.122147477075295274e-01
613,0.0,3.053416295410011916e-01,3.053416295410011916e-01
614,0.0,2.119892463932820936e-01,2.119892463932820936e-01
615,0.0,1.339745962155618475e-01,1.339745962155618475e-01
616,0.0,7.281614543321091038e-02,7.281614543321091038e-02
617,0.0,2.970427372400452626e-02,2.970427372400452626e-02
618,0.0,5.478104631726488094e-03,5.478104631726488094e-03
619,0.0,6.091729809040158372e-04,6.091729809040158372e-04
620,0.0,1.519224698779164662e-02,1.519224698779164662e-02
621,0.0,4.894348370484757904e-02,4.894348370484757904e-02
622,0.0,1.012059537008308530e-01,1.012059537008308530e-01
623,0.0,1.709624274449585979e-01,1.709624274449585979e-01
624,0.0,2.568551745226003158e-01,2.568551745226003158e-01
625,0.0,3.572123903134586387e-01,3.572123903134586387e-01
626,0.0,4.700807357667975417e-01,4.700807357667975417e-01
627,0.0,5.932633569241945182e-01,5.932633569241945182e-01
628,1.0,7.243626441830005591e-01,7.243626441830005591e-01
629,1.0,8.608268990399396969e-01,8.608268990399396969e-01
630,1.0,9.999999999999965583e-01,9.999999999999965583e-01
631,1.0,1.139173100960067408e+00,1.139173100960067408e+00
632,1.0,1.275637355816992891e+00,1.275637355816992891e+00
633,2.0,1.406736643075799265e+00,1.406736643075799265e+00
634,2.0,1.529919264233208676e+00,1.529919264233208676e+00
635,2.0,1.642787609686536143e+00,1.642787609686536143e+00
636,2.0,1.743144825477394910e+00,1.743144825477394910e+00
637,2.0,1.829037572555037627e+00,1.829037572555037627e+00
638,2.0,1.898794046299166149e+00,1.898794046299166149e+00
639,2.0,1.951056516295154530e+00,1.951056516295154530e+00
640,2.0,1.984807753012207243e+00,1.984807753012207243e+00
641,2.0,1.999390827019095873e+00,1.999390827019095873e+00
642,2.0,1.994521895368274178e+00,1.994521895368274178e+00
643,2.0,1.970295726275997250e+00,1.970295726275997250e+00
644,2.0,1.927183854566786314e+00,1.927183854566786314e+00
645,2.0,1.866025403784441483e+00,1.866025403784441483e+00
646,2.0,1.788010753606722236e+00,1.788010753606722236e+00
647,2.0,1.694658370458993701e+00,1.694658370458993701e+00
648,2.0,1.587785252292476024e+00,1.587785252292476024e+00
649,2.0,1.469471562785888974e+00,1.469471562785888974e+00
650,1.0,1.342020143325675097e+00,1.342020143325675097e+00
651,1.0,1.207911690817760508e+00,1.207911690817760508e+00
652,1.0,1.069756473744120973e+00,1.069756473744120973e+00
653,1.0,9.302435262558790274e-01,9.302435262558790274e-01
654,1.0,7.920883091822394917e-01,7.920883091822394917e-01
655,1.0,6.579798566743383370e-01,6.579798566743383370e-01
656,0.0,5.305284372141110261e-01,5.305284372141110261e-01
657,0.0,4.122147477075239763e-01,4.122147477075239763e-01
658,0.0,3.053416295410064096e-01,3.053416295410064096e-01
659,0.0,2.119892463932777638e-01,2.119892463932777638e-01
660,0.0,1.339745962155655112e-01,1.339745962155655112e-01
661,0.0,7.281614543321368593e-02,7.281614543321368593e-02
662,0.0,2.970427372400286092e-02,2.970427372400286092e-02
663,0.0,5.478104631727265250e-03,5.478104631727265250e-03
664,0.0,6.091729809042378818e-04,6.091729809042378818e-04
665,0.0,1.519224698779286786e-02,1.519224698779286786e-02
666,0.0,4.894348370484535860e-02,4.894348370484535860e-02
667,0.0,1.012059537008338506e-01,1.012059537008338506e-01
668,0.0,1.709624274449544901e-01,1.709624274449544901e-01
669,0.0,2.568551745226049787e-01,2.568551745226049787e-01
670,0.0,3.572123903134639678e-01,3.572123903134639678e-01
671,0.0,4.700807357667913244e-01,4.700807357667913244e-01
672,0.0,5.932633569242007354e-01,5.932633569242007354e-01
673,1.0,7.243626441829935647e-01,7.243626441829935647e-01
674,1.0,8.608268990399324805e-01,8.608268990399324805e-01
675,1.0,1.000000000000003331e+00,1.000000000000003331e+00
676,1.0,1.139173100960060303e+00,1.139173100960060303e+00
677,1.0,1.275637355816999552e+00,1.275637355816999552e+00
678,2.0,1.406736643075792603e+00,1.406736643075792603e+00
679,2.0,1.529919264233202458e+00,1.529919264233202458e+00
680,2.0,1.642787609686541472e+00,1.642787609686541472e+00
681,2.0,1.743144825477390025e+00,1.743144825477390025e+00
682,2.0,1.829037572555041402e+00,1.829037572555041402e+00
683,2.0,1.898794046299169036e+00,1.898794046299169036e+00
684,2.0,1.951056516295152310e+00,1.951056516295152310e+00
685,2.0,1.984807753012208353e+00,1.984807753012208353e+00
686,2.0,1.999390827019095429e+00,1.999390827019095429e+00
687,2.0,1.994521895368273512e+00,1.994521895368273512e+00
688,2.0,1.970295726275995474e+00,1.970295726275995474e+00
689,2.0,1.927183854566789201e+00,1.927183854566789201e+00
690,2.0,1.866025403784438152e+00,1.866025403784438152e+00
691,2.0,1.788010753606726677e+00,1.788010753606726677e+00
692,2.0,1.694658370458998808e+00,1.694658370458998808e+00
693,2.0,1.587785252292470473e+00,1.587785252292470473e+00
694,2.0,1.469471562785895635e+00,1.469471562785895635e+00
695,1.0,1.342020143325668657e+00,1.342020143325668657e+00
696,1.0,1.207911690817767614e+00,1.207911690817767614e+00
697,1.0,1.069756473744128300e+00,1.069756473744128300e+00
698,1.0,9.302435262558721440e-01,9.302435262558721440e-01
699,1.0,7.920883091822467081e-01,7.920883091822467081e-01
700,1.0,6.579798566743318977e-01,6.579798566743318977e-01
701,0.0,5.305284372141049198e-01,5.305284372141049198e-01
702,0.0,4.122147477075299715e-01,4.122147477075299715e-01
703,0.0,3.053416295410015247e-01,3.053416295410015247e-01
704,0.0,2.119892463932823157e-01,2.119892463932823157e-01
705,0.0,1.339745962155620695e-01,1.339745962155620695e-01
706,0.0,7.281614543321113242e-02,7.281614543321113242e-02
707,0.0,2.970427372400463728e-02,2.970427372400463728e-02
708,0.0,5.478104631726599116e-03,5.478104631726599116e-03
709,0.0,6.091729809040158372e-04,6.091729809040158372e-04
710,0.0,1.519224698779153560e-02,1.519224698779153560e-02
711,0.0,4.894348370484746802e-02,4.894348370484746802e-02
712,0.0,1.012059537008306309e-01,1.012059537008306309e-01
713,0.0,1.709624274449583758e-01,1.709624274449583758e-01
714,0.0,2.568551745225999827e-01,2.568551745225999827e-01
715,0.0,3.572123903134583056e-01,3.572123903134583056e-01
716,0.0,4.700807357667970976e-01,4.700807357667970976e-01
717,0.0,5.932633569241940741e-01,5.932633569241940741e-01
718,1.0,7.243626441830001150e-01,7.243626441830001150e-01
719,1.0,8.608268990399392528e-01,8.608268990399392528e-01
720,1.0,9.999999999999975575e-01,9.999999999999975575e-01
721,1.0,1.087155742747653919e+00,1.087155742747653919e+00
722,1.0,1.173648177666931192e+00,1.173648177666931192e+00
723,1.0,1.258819045102519851e+00,1.258819045102519851e+00
724,1.0,1.342020143325665993e+00,1.342020143325665993e+00
725,2.0,1.422618261740701495e+00,1.422618261740701495e+00
726,2.0,1.500000000000000444e+00,1.500000000000000444e+00
727,2.0,1.573576436351044938e+00,1.573576436351044938e+00
728,2.0,1.642787609686536809e+00,1.642787609686536809e+00
729,2.0,1.707106781186548794e+00,1.707106781186548794e+00
730,2.0,1.766044443118978124e+00,1.766044443118978124e+00
731,2.0,1.819152044288990799e+00,1.819152044288990799e+00
732,2.0,1.866025403784436820e+00,1.866025403784436820e+00
733,2.0,1.906307787036650492e+00,1.906307787036650492e+00
734,2.0,1.939692620785908428e+00,1.939692620785908428e+00
735,2.0,1.965925826289067757e+00,1.965925826289067757e+00
736,2.0,1.984807753012207243e+00,1.984807753012207243e+00
737,2.0,1.996194698091744879e+00,1.996194698091744879e+00
738,2.0,2.000000000000000000e+00,2.000000000000000000e+00
739,2.0,1.996194698091745101e+00,1.996194698091745101e+00
740,2.0,1.984807753012207687e+00,1.984807753012207687e+00
741,2.0,1.965925826289068201e+00,1.965925826289068201e+00
742,2.0,1.939692620785908872e+00,1.939692620785908872e+00
743,2.0,1.906307787036651380e+00,1.906307787036651380e+00
744,2.0,1.866025403784441039e+00,1.866025403784441039e+00
745,2.0,1.819152044288995684e+00,1.819152044288995684e+00
746,2.0,1.766044443118974350e+00,1.766044443118974350e+00
747,2.0,1.707106781186544797e+00,1.707106781186544797e+00
748,2.0,1.642787609686537920e+00,1.642787609686537920e+00
749,2.0,1.573576436351046048e+00,1.573576436351046048e+00
750,2.0,1.500000000000001776e+00,1.500000000000001776e+00
751,2.0,1.422618261740702827e+00,1.422618261740702827e+00
752,1.0,1.342020143325674209e+00,1.342020143325674209e+00
753,1.0,1.258819045102528067e+00,1.258819045102528067e+00
754,1.0,1.173648177666925640e+00,1.173648177666925640e+00
755,1.0,1.087155742747655252e+00,1.087155742747655252e+00
756,1.0,9.999999999999990008e-01,9.999999999999990008e-01
757,1.0,9.128442572523427501e-01,9.128442572523427501e-01
758,1.0,8.263518223330723611e-01,8.263518223330723611e-01
759,1.0,7.411809548974837014e-01,7.411809548974837014e-01
760,1.0,6.579798566743373378e-01,6.579798566743373378e-01
761,0.0,5.773817382592952852e-01,5.773817382592952852e-01
762,0.0,4.999999999999965583e-01,4.999999999999965583e-01
763,0.0,4.264235636489522863e-01,4.264235636489522863e-01
764,0.0,3.572123903134605261e-01,3.572123903134605261e-01
765,0.0,2.928932188134536485e-01,2.928932188134536485e-01
766,0.0,2.339555568810243180e-01,2.339555568810243180e-01
767,0.0,1.808479557110113101e-01,1.808479557110113101e-01
768,0.0,1.339745962155650671e-01,1.339745962155650671e-01
769,0.0,9.369221296334795390e-02,9.369221296334795390e-02
770,0.0,6.030737921409057289e-02,6.030737921409057289e-02
771,0.0,3.407417371093135472e-02,3.407417371093135472e-02
772,0.0,1.519224698779209071e-02,1.519224698779209071e-02
773,0.0,3.805301908254676846e-03,3.805301908254676846e-03
774,0.0,0.000000000000000000e+00,0.000000000000000000e+00
775,0.0,3.805301908253899690e-03,3.805301908253899690e-03
776,0.0,1.519224698779053639e-02,1.519224698779053639e-02
777,0.0,3.407417371093279801e-02,3.407417371093279801e-02
778,0.0,6.030737921409234925e-02,6.030737921409234925e-02
779,0.0,9.369221296335017435e-02,9.369221296335017435e-02
780,0.0,1.339745962155606263e-01,1.339745962155606263e-01
781,0.0,1.808479557110063141e-01,1.808479557110063141e-01
782,0.0,2.339555568810186559e-01,2.339555568810186559e-01
783,0.0,2.928932188134474313e-01,2.928932188134474313e-01
784,0.0,3.572123903134646339e-01,3.572123903134646339e-01
785,0.0,4.264235636489566161e-01,4.264235636489566161e-01
786,0.0,5.000000000000013323e-01,5.000000000000013323e-01
787,0.0,5.773817382593001701e-01,5.773817382593001701e-01
788,1.0,6.579798566743291222e-01,6.579798566743291222e-01
789,1.0,7.411809548974752637e-01,7.411809548974752637e-01
790,1.0,8.263518223330637014e-01,8.263518223330637014e-01
791,1.0,9.128442572523339793e-01,9.128442572523339793e-01
792,1.0,1.000000000000004441e+00,1.000000000000004441e+00
793,1.0,1.087155742747660803e+00,1.087155742747660803e+00
794,1.0,1.173648177666930970e+00,1.173648177666930970e+00
795,1.0,1.258819045102519629e+00,1.258819045102519629e+00
796,1.0,1.342020143325665771e+00,1.342020143325665771e+00
797,2.0,1.422618261740694834e+00,1.422618261740694834e+00
798,2.0,1.499999999999994005e+00,1.499999999999994005e+00
799,2.0,1.573576436351050489e+00,1.573576436351050489e+00
800,2.0,1.642787609686542138e+00,1.642787609686542138e+00
801,2.0,1.707106781186548794e+00,1.707106781186548794e+00
802,2.0,1.766044443118977902e+00,1.766044443118977902e+00
803,2.0,1.819152044288990577e+00,1.819152044288990577e+00
804,2.0,1.866025403784436598e+00,1.866025403784436598e+00
805,2.0,1.906307787036647383e+00,1.906307787036647383e+00
806,2.0,1.939692620785905763e+00,1.939692620785905763e+00
807,2.0,1.965925826289069533e+00,1.965925826289069533e+00
808,2.0,1.984807753012208575e+00,1.984807753012208575e+00
809,2.0,1.996194698091745767e+00,1.996194698091745767e+00
810,2.0,2.000000000000000000e+00,2.000000000000000000e+00
811,2.0,1.996194698091745767e+00,1.996194698091745767e+00
812,2.0,1.984807753012209020e+00,1.984807753012209020e+00
813,2.0,1.965925826289069978e+00,1.965925826289069978e+00
814,2.0,1.939692620785906430e+00,1.939692620785906430e+00
815,2.0,1.906307787036648271e+00,1.906307787036648271e+00
816,2.0,1.866025403784437708e+00,1.866025403784437708e+00
817,2.0,1.819152044288991910e+00,1.819152044288991910e+00
818,2.0,1.766044443118979235e+00,1.766044443118979235e+00
819,2.0,1.707106781186550126e+00,1.707106781186550126e+00
820,2.0,1.642787609686543693e+00,1.642787609686543693e+00
821,2.0,1.573576436351052266e+00,1.573576436351052266e+00
822,2.0,1.499999999999995781e+00,1.499999999999995781e+00
823,2.0,1.422618261740696610e+00,1.422618261740696610e+00
824,1.0,1.342020143325667547e+00,1.342020143325667547e+00
825,1.0,1.258819045102521406e+00,1.258819045102521406e+00
826,1.0,1.173648177666932968e+00,1.173648177666932968e+00
827,1.0,1.087155742747662579e+00,1.087155742747662579e+00
828,1.0,1.000000000000006439e+00,1.000000000000006439e+00
829,1.0,9.128442572523500775e-01,9.128442572523500775e-01
830,1.0,8.263518223330655887e-01,8.263518223330655887e-01
831,1.0,7.411809548974770401e-01,7.411809548974770401e-01
832,1.0,6.579798566743308985e-01,6.579798566743308985e-01
833,0.0,5.773817382593019465e-01,5.773817382593019465e-01
834,0.0,5.000000000000029976e-01,5.000000000000029976e-01
835,0.0,4.264235636489582815e-01,4.264235636489582815e-01
836,0.0,3.572123903134661882e-01,3.572123903134661882e-01
837,0.0,2.928932188134488745e-01,2.928932188134488745e-01
838,0.0,2.339555568810198771e-01,2.339555568810198771e-01
839,0.0,1.808479557110074243e-01,1.808479557110074243e-01
840,0.0,1.339745962155616255e-01,1.339745962155616255e-01
841,0.0,9.369221296335106253e-02,9.369221296335106253e-02
842,0.0,6.030737921409301538e-02,6.030737921409301538e-02
843,0.0,3.407417371093324210e-02,3.407417371093324210e-02
844,0.0,1.519224698779331195e-02,1.519224698779331195e-02
845,0.0,3.805301908254121734e-03,3.805301908254121734e-03
846,0.0,0.000000000000000000e+00,0.000000000000000000e+00
847,0.0,3.805301908254565824e-03,3.805301908254565824e-03
848,0.0,1.519224698779175764e-02,1.519224698779175764e-02
849,0.0,3.407417371093091063e-02,3.407417371093091063e-02
850,0.0,6.030737921408990676e-02,6.030737921408990676e-02
851,0.0,9.369221296334706572e-02,9.369221296334706572e-02
852,0.0,1.339745962155640679e-01,1.339745962155640679e-01
853,0.0,1.808479557110101998e-01,1.808479557110101998e-01
854,0.0,2.339555568810229857e-01,2.339555568810229857e-01
855,0.0,2.928932188134523162e-01,2.928932188134523162e-01
856,0.0,3.572123903134590828e-01,3.572123903134590828e-01
857,0.0,4.264235636489506209e-01,4.264235636489506209e-01
858,0.0,4.999999999999948930e-01,4.999999999999948930e-01
859,0.0,5.773817382592935088e-01,5.773817382592935088e-01
860,1.0,6.579798566743355615e-01,6.579798566743355615e-01
861,1.0,7.411809548974819251e-01,7.411809548974819251e-01
862,1.0,8.263518223330704737e-01,8.263518223330704737e-01
863,1.0,9.128442572523407517e-01,9.128442572523407517e-01
864,1.0,9.999999999999971134e-01,9.999999999999971134e-01
865,1.0,1.087155742747653475e+00,1.087155742747653475e+00
866,1.0,1.173648177666923864e+00,1.173648177666923864e+00
867,1.0,1.258819045102526069e+00,1.258819045102526069e+00
868,1.0,1.342020143325672210e+00,1.342020143325672210e+00
869,2.0,1.422618261740701051e+00,1.422618261740701051e+00
870,2.0,1.500000000000000000e+00,1.500000000000000000e+00
871,2.0,1.573576436351044494e+00,1.573576436351044494e+00
872,2.0,1.642787609686536587e+00,1.642787609686536587e+00
873,2.0,1.707106781186543465e+00,1.707106781186543465e+00
874,2.0,1.766044443118973239e+00,1.766044443118973239e+00
875,2.0,1.819152044288994574e+00,1.819152044288994574e+00
876,2.0,1.866025403784440151e+00,1.866025403784440151e+00
877,2.0,1.906307787036650492e+00,1.906307787036650492e+00
878,2.0,1.939692620785907984e+00,1.939692620785907984e+00
879,2.0,1.965925826289067535e+00,1.965925826289067535e+00
880,2.0,1.984807753012207243e+00,1.984807753012207243e+00
881,2.0,1.996194698091744879e+00,1.996194698091744879e+00
882,2.0,2.000000000000000000e+00,2.000000000000000000e+00
883,2.0,1.996194698091745323e+00,1.996194698091745323e+00
884,2.0,1.984807753012207687e+00,1.984807753012207687e+00
885,2.0,1.965925826289068201e+00,1.965925826289068201e+00
886,2.0,1.939692620785908872e+00,1.939692620785908872e+00
887,2.0,1.906307787036651380e+00,1.906307787036651380e+00
888,2.0,1.866025403784441483e+00,1.866025403784441483e+00
889,2.0,1.819152044288995906e+00,1.819152044288995906e+00
890,2.0,1.766044443118974794e+00,1.766044443118974794e+00
891,2.0,1.707106781186545241e+00,1.707106781186545241e+00
892,2.0,1.642787609686538364e+00,1.642787609686538364e+00
893,2.0,1.573576436351046492e+00,1.573576436351046492e+00
894,2.0,1.500000000000002220e+00,1.500000000000002220e+00
895,2.0,1.422618261740703272e+00,1.422618261740703272e+00
896,1.0,1.342020143325674653e+00,1.342020143325674653e+00
897,1.0,1.258819045102528511e+00,1.258819045102528511e+00
898,1.0,1.173648177666926085e+00,1.173648177666926085e+00
899,1.0,1.087155742747655918e+00,1.087155742747655918e+00
900,1.0,9.999999999999995559e-01,9.999999999999995559e-01
901,1.0,9.128442572523431942e-01,9.128442572523431942e-01
902,1.0,8.263518223330728052e-01,8.263518223330728052e-01
903,1.0,7.411809548974841455e-01,7.411809548974841455e-01
904,1.0,6.579798566743378929e-01,6.579798566743378929e-01
905,0.0,5.773817382592957292e-01,5.773817382592957292e-01
906,0.0,4.999999999999970024e-01,4.999999999999970024e-01
907,0.0,4.264235636489526193e-01,4.264235636489526193e-01
908,0.0,3.572123903134609701e-01,3.572123903134609701e-01
909,0.0,2.928932188134539816e-01,2.928932188134539816e-01
910,0.0,2.339555568810245401e-01,2.339555568810245401e-01
911,0.0,1.808479557110116431e-01,1.808479557110116431e-01
912,0.0,1.339745962155652892e-01,1.339745962155652892e-01
913,0.0,9.369221296334817595e-02,9.369221296334817595e-02
914,0.0,6.030737921409068392e-02,6.030737921409068392e-02
915,0.0,3.407417371093157676e-02,3.407417371093157676e-02
916,0.0,1.519224698779209071e-02,1.519224698779209071e-02
917,0.0,3.805301908254676846e-03,3.805301908254676846e-03
918,0.0,0.000000000000000000e+00,0.000000000000000000e+00
919,0.0,3.805301908253899690e-03,3.805301908253899690e-03
920,0.0,1.519224698779286786e-02,1.519224698779286786e-02
921,0.0,3.407417371093268699e-02,3.407417371093268699e-02
922,0.0,6.030737921409223823e-02,6.030737921409223823e-02
923,0.0,9.369221296334995230e-02,9.369221296334995230e-02
924,0.0,1.339745962155604042e-01,1.339745962155604042e-01
925,0.0,1.808479557110059810e-01,1.808479557110059810e-01
926,0.0,2.339555568810183228e-01,2.339555568810183228e-01
927,0.0,2.928932188134470982e-01,2.928932188134470982e-01
928,0.0,3.572123903134643008e-01,3.572123903134643008e-01
929,0.0,4.264235636489562831e-01,4.264235636489562831e-01
930,0.0,5.000000000000008882e-01,5.000000000000008882e-01
931,0.0,5.773817382592997260e-01,5.773817382592997260e-01
932,1.0,6.579798566743286781e-01,6.579798566743286781e-01
933,1.0,7.411809548974748196e-01,7.411809548974748196e-01
934,1.0,8.263518223330632573e-01,8.263518223330632573e-01
935,1.0,9.128442572523334242e-01,9.128442572523334242e-01
936,1.0,1.000000000000003997e+00,1.000000000000003997e+00
937,1.0,1.087155742747660137e+00,1.087155742747660137e+00
938,1.0,1.173648177666930525e+00,1.173648177666930525e+00
939,1.0,1.258819045102519185e+00,1.258819045102519185e+00
940,1.0,1.342020143325665327e+00,1.342020143325665327e+00
941,2.0,1.422618261740694390e+00,1.422618261740694390e+00
942,2.0,1.499999999999993561e+00,1.499999999999993561e+00
943,2.0,1.573576436351050045e+00,1.573576436351050045e+00
944,2.0,1.642787609686541694e+00,1.642787609686541694e+00
945,2.0,1.707106781186548350e+00,1.707106781186548350e+00
946,2.0,1.766044443118977458e+00,1.766044443118977458e+00
947,2.0,1.819152044288990355e+00,1.819152044288990355e+00
948,2.0,1.866025403784436598e+00,1.866025403784436598e+00
949,2.0,1.906307787036647383e+00,1.906307787036647383e+00
950,2.0,1.939692620785905541e+00,1.939692620785905541e+00
951,2.0,1.965925826289069311e+00,1.965925826289069311e+00
952,2.0,1.984807753012208575e+00,1.984807753012208575e+00
953,2.0,1.996194698091745545e+00,1.996194698091745545e+00
954,2.0,2.000000000000000000e+00,2.000000000000000000e+00
955,2.0,1.996194698091745767e+00,1.996194698091745767e+00
956,2.0,1.984807753012209020e+00,1.984807753012209020e+00
957,2.0,1.965925826289069978e+00,1.965925826289069978e+00
958,2.0,1.939692620785906652e+00,1.939692620785906652e+00
959,2.0,1.906307787036648715e+00,1.906307787036648715e+00
960,2.0,1.866025403784437930e+00,1.866025403784437930e+00
961,2.0,1.819152044288991910e+00,1.819152044288991910e+00
962,2.0,1.766044443118979457e+00,1.766044443118979457e+00
963,2.0,1.707106781186550570e+00,1.707106781186550570e+00
964,2.0,1.642787609686543915e+00,1.642787609686543915e+00
965,2.0,1.573576436351052710e+00,1.573576436351052710e+00
966,2.0,1.499999999999996225e+00,1.499999999999996225e+00
967,2.0,1.422618261740697054e+00,1.422618261740697054e+00
968,1.0,1.342020143325667991e+00,1.342020143325667991e+00
969,1.0,1.258819045102522072e+00,1.258819045102522072e+00
970,1.0,1.173648177666933412e+00,1.173648177666933412e+00
971,1.0,1.087155742747663023e+00,1.087155742747663023e+00
972,1.0,1.000000000000006883e+00,1.000000000000006883e+00
973,1.0,9.128442572523364218e-01,9.128442572523364218e-01
974,1.0,8.263518223330661439e-01,8.263518223330661439e-01
975,1.0,7.411809548974775952e-01,7.411809548974775952e-01
976,1.0,6.579798566743313426e-01,6.579798566743313426e-01
977,0.0,5.773817382593023906e-01,5.773817382593023906e-01
978,0.0,5.000000000000033307e-01,5.000000000000033307e-01
979,0.0,4.264235636489586145e-01,4.264235636489586145e-01
980,0.0,3.572123903134665213e-01,3.572123903134665213e-01
981,0.0,2.928932188134492076e-01,2.928932188134492076e-01
982,0.0,2.339555568810202102e-01,2.339555568810202102e-01
983,0.0,1.808479557110076463e-01,1.808479557110076463e-01
984,0.0,1.339745962155618475e-01,1.339745962155618475e-01
985,0.0,9.369221296335128457e-02,9.369221296335128457e-02
986,0.0,6.030737921409323743e-02,6.030737921409323743e-02
987,0.0,3.407417371093346414e-02,3.407417371093346414e-02
988,0.0,1.519224698779342297e-02,1.519224698779342297e-02
989,0.0,3.805301908254121734e-03,3.805301908254121734e-03
990,0.0,0.000000000000000000e+00,0.000000000000000000e+00
991,0.0,3.805301908254454801e-03,3.805301908254454801e-03
992,0.0,1.519224698779164662e-02,1.519224698779164662e-02
993,0.0,3.407417371093079961e-02,3.407417371093079961e-02
994,0.0,6.030737921408968472e-02,6.030737921408968472e-02
995,0.0,9.369221296334695470e-02,9.369221296334695470e-02
996,0.0,1.339745962155638459e-01,1.339745962155638459e-01
997,0.0,1.808479557110099778e-01,1.808479557110099778e-01
998,0.0,2.339555568810227637e-01,2.339555568810227637e-01
999,0.0,2.928932188134519832e-01,2.928932188134519832e-01
